color,make,model,model_variant,city
Other,Mercedes-Benz,E 320,E 320 Elégance 4-Matic,Zuzwil
Other,Lamborghini,,Espada GT 400 Serie 3,Zuzwil
Blue,Ferrari,F360,F360 Modena Berlinetta,Zuzwil
Silver,Alfa Romeo,8C,8C,Porrentruy
Silver,BMW,2002,2002 Turbo,Zuzwil
Silver,Datsun,,SPORTS 2000,Zuzwil
Silver,Audi,A8,A8 4.2 quattro,Zuzwil
Silver,Lamborghini,GALLARDO,Gallardo 5.0 V10 Coupé SE,Zuzwil
Silver,Mercedes-Benz,280,280 3.5 V8 Cabrio,Sursee
Silver,Mercedes-Benz,SL 320,SL 320,Zuzwil
Silver,Porsche,CAYENNE,Cayenne Turbo,Zuzwil
Silver,BMW,745,745i,Zuzwil
Silver,Porsche,911,911 Carrera 2 RS,Zuzwil
Blue,Porsche,911,911 Carrera 4 Cabrio TECHART,Zuzwil
Silver,Mercedes-Benz,E 55 AMG,E 55 AMG Avantgarde,Zuzwil
Silver,Audi,RS6,RS6 Avant quattro,Zuzwil
Silver,Lamborghini,DIABLO,Diablo 5.7 VT,Zuzwil
Silver,Mercedes-Benz,,300SL Roadster,Sursee
Silver,Alfa Romeo,8C,8C Coupé,Zuzwil
Silver,Mercedes-Benz,ML 400,ML 400 CDI,Zuzwil
Silver,VW,GOLF,Golf 2.0 TFSI GTI,Zuzwil
Silver,VW,JETTA,Jetta 2.0 TDI Comfort,Zuzwil
Silver,Mercedes-Benz,190,190 E 2.5-16 ABS,Zuzwil
Silver,Wiesmann,COUPE,GT MF5,Zuzwil
Blue,Porsche,911,911 Turbo Cabrio,Zuzwil
Silver,BMW,Z4,Z4 M Coupé,Zuzwil
Silver,Renault,Alpine A110,Alpine A110 1300S,Zuzwil
Silver,Maserati,COUPÉ GT,Coupé GT,Zuzwil
Silver,Renault,ALPINE,ALPINE 1600 VF,Zuzwil
Silver,Audi,A8,A8 4.2 quattro,Zuzwil
Silver,Chevrolet,CORVETTE,Corvette Z06,Zuzwil
Silver,Toyota,COROLLA,Corolla 1600 GTi TC16,Zuzwil
Silver,Mercedes-Benz,CLK 55 AMG,CLK 55 AMG Avantgarde,Zuzwil
Silver,Audi,S7,S7 Sportback 4.0 TFSI V8 quattro,Zuzwil
Silver,Bentley,ARNAGE,Arnage T,Basel
Blue,Audi,RS4,RS4 4.2 V8 quattro,Zuzwil
Silver,Mercedes-Benz,E 55 AMG,E 55 AMG Avantgarde,Zuzwil
Silver,Porsche,911,911 Turbo,Zuzwil
Silver,BMW,645,645i,Zuzwil
Silver,Porsche,911,911 GT3,Zuzwil
Silver,Mercedes-Benz,E 420,E 420 Avantgarde,Zuzwil
Silver,Porsche,911,911 Carrera 4 S,Zuzwil
Silver,Aston Martin,DB9,DB9 Volante,Zuzwil
Silver,Triumph,Dolomite,Dolomite Sprint,Zuzwil
Silver,Mercedes-Benz,SL 500,SL 500,Zuzwil
Silver,BMW,M6,M6,Zuzwil
Blue,Audi,RS4,RS4 Avant quattro,Zuzwil
Silver,Porsche,911,911 GT2,Zuzwil
Silver,Renault,ALPINE,Alpine A310 V6,Zuzwil
Silver,Toyota,CELICA,CELICA 1600 GT DOHC,Zuzwil
Silver,VW,PHAETON,Phaeton 6.0 W12 4Motion,Zuzwil
Silver,Ferrari,F430,F430 Scuderia,Zuzwil
Silver,Mercedes-Benz,190,190 E 2.5-16 ABS,Zuzwil
Silver,BMW,750,750i,Zuzwil
Silver,Porsche,911,911 Carrera S,Zuzwil
Silver,Ferrari,MONDIAL,Mondial 3.4 T,Zuzwil
Silver,BMW,X5,X5 4.4i,Zuzwil
Blue,Ferrari,F12,F12 Berlinetta,Zuzwil
Silver,Ford,ESCORT,ESCORT RS 2000,Zuzwil
Silver,Mercedes-Benz,SL 320,SL 320,Zuzwil
Silver,Porsche,911,911 Carrera 4S,Zuzwil
Silver,Toyota,LAND CRUISER,LAND CRUISER FJ 40,Zuzwil
Silver,Mercedes-Benz,SL 500,SL 500,Zuzwil
Silver,Renault,Alpine A110,Alpine A110 1600S,Zuzwil
Silver,Datsun,280,280 ZX,Zuzwil
Silver,Porsche,911,911 GT2,Zuzwil
Silver,Lamborghini,MURCIÉLAGO,Murciélago 6.2 Coupé,Porrentruy
Silver,Mercedes-Benz,ML 350,ML 350 Inspiration,Zuzwil
Blue,Audi,A8,A8 4.2 quattro,Zuzwil
Silver,Porsche,911,911 Turbo,Zuzwil
Silver,BMW,M3,M3 CSL,Zuzwil
Silver,Mitsubishi,LANCER,LANCER EVO V,Zuzwil
Silver,Mercedes-Benz,,6.7 BRABUS,Zuzwil
Silver,Porsche,911,911 Carrera 4,Zuzwil
Silver,Audi,TT,TT Roadster 1.8 T,Zuzwil
Silver,Audi,A8,A8 4.2 quattro,Zuzwil
Silver,Renault,Alpine A110,Alpine A110 1300,Zuzwil
Silver,Maserati,QUATTROPORTE,Quattroporte 4.2,Zuzwil
Silver,Mercedes-Benz,SL 500,SL 500,Zuzwil
Blue,Bentley,ARNAGE,Arnage Red Label,Zuzwil
Silver,Bentley,CONTINENTAL,Continental GT Speed 6.0,St. Gallen
Purple,Jaguar,,D-Type XKD525,Zuzwil
Purple,Chevrolet,CORVETTE,CORVETTE C2,Zuzwil
Purple,Renault,R5,R5 1400 Alpine Turbo,Zuzwil
Purple,Mercedes-Benz,E 50 AMG,E 50 AMG Avantgarde,Zuzwil
Purple,Lamborghini,DIABLO,Diablo 5.7 SV,Porrentruy
Purple,Mercedes-Benz,S 500,S 500,Zuzwil
White,Maserati,COUPÉ GT,Coupé GT,Zuzwil
White,Aston Martin,V8 Vantage,V8 Vantage 4.7,Zuzwil
White,Mercedes-Benz,ML 400,ML 400 CDI,Zuzwil
Blue,Audi,RS6,RS6 Avant 4.0 TFSI V8 qu,Zuzwil
White,Triumph,Dolomite,Dolomite Sprint,Zuzwil
White,Porsche,CAYENNE,Cayenne S,Zuzwil
White,Maserati,SPYDER GT,Spyder GT,Zuzwil
White,Audi,A4,A4 3.0 V6,Zuzwil
White,Audi,A8,A8 4.2 quattro,Zuzwil
White,Renault,ALPINE,ALPINE A310 2700 VA,Zuzwil
White,Ferrari,575M,575M,Zuzwil
White,Mercedes-Benz,SL 600,SL 600,Zuzwil
White,Mercedes-Benz,CLK 55 AMG,CLK 55 AMG Avantgarde,Zuzwil
White,Porsche,CAYENNE,Cayenne Turbo,Zuzwil
Blue,Maserati,COUPÉ GT,Coupé GT,Zuzwil
White,BMW,330,330i,Zuzwil
White,Mercedes-Benz,CL 600,CL 600,Zuzwil
White,Audi,A8,A8 4.2 quattro,Zuzwil
White,Porsche,911,911 Turbo S Cabrio,Zuzwil
White,Mclaren,12C,MP4-12C Coupé 3.8 V8,Zuzwil
White,Ferrari,458,458 Spider Italia 4.5 V8,Zuzwil
White,Audi,RS6,RS6 Avant 5.0 V10 quattro,Zuzwil
White,Ferrari,599,599 GTB,Zuzwil
White,Mercedes-Benz,S 63 AMG,S 63 AMG L,Zuzwil
White,Chevrolet,CORVETTE,CORVETTE C1,Zuzwil
Other,RUF,,RT 12,Zuzwil
Blue,Audi,RS6,RS6 Avant quattro,Zuzwil
White,Mercedes-Benz,S 500,S 500 4Matic,Zuzwil
White,Bentley,ARNAGE,Arnage Green Label,Zuzwil
White,BMW,740,740i,Zuzwil
White,De Tomaso,PANTERA,PANTERA,Zuzwil
White,Jaguar,XJ,XJR 4.0 Supercharged,Zuzwil
White,Mercedes-Benz,ML 500,ML 500 4Matic,Zuzwil
White,DeLorean,,De Lorean DMC-12,Zuzwil
White,Porsche,PANAMERA,Panamera Turbo 4.8,Zuzwil
White,Autobianchi,A112,A112 Abarth Serie II,Zuzwil
White,Alfa Romeo,SPIDER,SPIDER 1300 Junior,Zuzwil
Blue,VW,PHAETON,Phaeton 6.0 W12 4Motion,Zuzwil
White,Chevrolet,Silverado,Silverado 2500HD 6.6l V8,Zuzwil
White,Mercedes-Benz,CL 600,CL 600,Zuzwil
White,Bentley,ARNAGE,ARNAGE Red Label,Zuzwil
White,Mercedes-Benz,CL 600,CL 600,Zuzwil
White,Renault,ALPINE,Alpine V6 Turbo,Zuzwil
White,Mercedes-Benz,CLS 500,CLS 500,Zuzwil
White,Mercedes-Benz,CLS 63 AMG,CLS 63 AMG,Zuzwil
White,Hummer,H3,H3 3.7 Adventure,Zuzwil
White,Rolls-Royce,PHANTOM,Phantom 6.7 V12,Zuzwil
White,Porsche,911,911 Turbo,Zuzwil
Blue,Ford (Usa),EXPLORER,Explorer 4.0 Ltd. Edition,Zuzwil
White,Renault,Alpine A110,Alpine A110 1300 VC Gordini,Zuzwil
White,Porsche,911,911 Turbo,Zuzwil
White,Audi,RS6,RS6 Avant 5.0 V10 quattro,Zuzwil
White,Bentley,CONTINENTAL,Continental GT 6.0,Zuzwil
White,Ferrari,575M,575M,Zuzwil
White,Mercedes-Benz,SL 500,SL 500,Zuzwil
White,Mazda,MX-5,MX-5 1.8i 16V Confort,Zuzwil
White,Audi,RS6,RS6 Avant 5.0 V10 quattro,Zuzwil
White,Peugeot,205,205 Turbo 16V,Zuzwil
White,Audi,A8,A8 4.2 quattro,Zuzwil
Blue,Mercedes-Benz,500,500 SE,Zuzwil
White,BMW,320,320d xDrive M-Sportpaket,Zuzwil
White,BMW,728,728i,Zuzwil
White,Jaguar,XJ 220,XJ 220,Zuzwil
White,Porsche,CAYENNE,Cayenne S,Zuzwil
White,Rolls-Royce,PHANTOM,Phantom 6.7 V12,Zuzwil
White,Bentley,CONTINENTAL,Continental FlyingSpur6.0,Zuzwil
White,Mercedes-Benz,CLS 63 AMG,CLS 63 AMG,Zuzwil
White,Renault,ESPACE,Espace 2.0 T Privilège,Zuzwil
White,Jaguar,XK,XKR S/C,Zuzwil
White,Mini,MINI,1000,Safenwil
Blue,Mercedes-Benz,ML 500,ML 500,Zuzwil
White,Mclaren,12C,MP4-12C Cabriolet 3.8 V8,Zuzwil
White,Mercedes-Benz,SL 320,SL 320,Zuzwil
White,AGM,,WLR,Zuzwil
White,Mercedes-Benz,SL 55 AMG,SL 55 AMG,Zuzwil
White,Porsche,911,911 Carrera S Cabrio,Zuzwil
White,Mercedes-Benz,SL 500,SL 500,Zuzwil
White,Mercedes-Benz,S 600,S 600,Zuzwil
White,VW,PHAETON,Phaeton 3.0 TDi V6 4M,Zuzwil
White,Ferrari,456,456M GT,Zuzwil
White,Mercedes-Benz,S 65 AMG,S 65 AMG L,Zuzwil
Blue,Mercedes-Benz,SL 55 AMG,SL 55 AMG,Zuzwil
White,BMW,M5,M5,Zuzwil
White,Mercedes-Benz,A 150,A 150 Classic,Zuzwil
White,Lamborghini,,Reventon Coupé,Porrentruy
White,Audi,RS6,RS6 Avant quattro,Zuzwil
Blue,Audi,RS6,RS6 Avant 5.0 V10 quattro,Zuzwil
Blue,Mercedes-Benz,E 320,E 320 Avantgarde,Zuzwil
Blue,Mercedes-Benz,,CLK DTM AMG,Zuzwil
Blue,Porsche,911,911 Turbo,Zuzwil
Other,BMW,X5,X5 4.6is,Zuzwil
Blue,Mercedes-Benz,SL 600,SL 600,Zuzwil
Blue,Bentley,BROOKLANDS,Brooklands,Zuzwil
Blue,Mercedes-Benz,C 320,C 320 Elégance,Zuzwil
Blue,Bmw-Alpina,5 SERIES,5 SERIES B7 TURBO,Zuzwil
Blue,Ferrari,F360,F360 Modena Berlinetta,Porrentruy
Blue,Audi,RS6,RS6 Avant 5.0 V10 quattro,Zuzwil
Blue,BMW,728,728i,Zuzwil
Blue,Audi,RS6,RS6 Avant quattro,Zuzwil
Blue,Mercedes-Benz,E 63 AMG,E 63 AMG S 4Matic,Zuzwil
Blue,Lamborghini,MURCIÉLAGO,Murciélago LP640-4 Cpé,Zuzwil
Other,Porsche,924,924 Turbo,Zuzwil
Blue,MG,,Roadster,Zuzwil
Blue,Mercedes-Benz,S 55 AMG,S 55 AMG,Zuzwil
Blue,Mercedes-Benz,SL 600,SL 600,Zuzwil
Blue,Mercedes-Benz,E 240,E 240 Avantgarde,Zuzwil
Blue,BMW,Z1,Z1,Zuzwil
Blue,Honda,LEGEND,Legend V6 3.5i,Zuzwil
Blue,Porsche,911,911 Turbo,Zuzwil
Blue,Mercedes-Benz,CLS 63 AMG,CLS 63 AMG,Zuzwil
Blue,Mercedes-Benz,SL 320,SL 320,Zuzwil
Blue,BMW,750,750i,Zuzwil
Other,Audi,Cabriolet,Cabriolet 2.8 E,Zuzwil
Blue,Audi,RS6,RS6 Avant 5.0 V10 quattro,Zuzwil
Blue,Mercedes-Benz,C 230,C 230 Elégance,Zuzwil
Blue,Lamborghini,GALLARDO,Gallardo LP570-4 Coupé SL,Zuzwil
Blue,Mercedes-Benz,S 65 AMG,S 65 AMG L,Zuzwil
Blue,Renault,Alpine A110,Alpine A110 A5 Motor,Zuzwil
Blue,Mercedes-Benz,190,190 E 2.5-16 ABS,Zuzwil
Blue,BMW,2002,2002 Turbo,Zuzwil
Blue,Ford (Usa),MUSTANG,Mustang 5.0 GT Premium 50 Years,Zuzwil
Blue,Lamborghini,GALLARDO,Gallardo LP550-2 Cpé V.B.,Zuzwil
Blue,Ferrari,F430,F430 Spider,Porrentruy
Other,Land Rover,RANGE ROVER,Range Rover 3.6 d HSE,Zuzwil
Blue,Mercedes-Benz,CL 500,CL 500,Zuzwil
Blue,Maserati,QUATTROPORTE,Quattroporte 4.7 S,Zuzwil
Blue,BMW,530,530d Touring,Zuzwil
Blue,VW,EOS,Eos 2.0 FSI T,Zuzwil
Blue,Audi,A6,A6 4.2 V8 quattro,Zuzwil
Blue,Mercedes-Benz,E 55 AMG,E 55 AMG Avantgarde,Zuzwil
Blue,Porsche,911,911 Carrera Cabrio,Zuzwil
Blue,BMW,X3,X3 3.0i,Zuzwil
Blue,Bmw-Alpina,6 SERIES,B6 4.4 V8 Cabrio,Zuzwil
Blue,BMW,540,540i,Zuzwil
Other,Mercedes-Benz,SL 55 AMG,SL 55 AMG,Zuzwil
Blue,Porsche,BOXSTER,Boxster S 3.2,Zuzwil
Blue,Ferrari,458,458 Italia 4.5 V8 Speciale,Zuzwil
Blue,Mercedes-Benz,E 420,E 420 Elégance,Zuzwil
Blue,Mercedes-Benz,ML 63 AMG,ML 63 AMG 4Matic,Zuzwil
Blue,Mercedes-Benz,E 55 AMG,E 55 AMG Avantgarde,Zuzwil
Blue,Mercedes-Benz,S 600,S 600,Zuzwil
Blue,Mercedes-Benz,SLK 230,SLK 230 Kompressor,Zuzwil
Blue,Lotus,ESPRIT,Esprit 3.5 V8 SE,Zuzwil
Blue,Subaru,IMPREZA,Impreza 2.5T WRX,Zuzwil
Blue,Aston Martin,DB7,DB7,Zuzwil
Other,Land Rover,RANGE ROVER,Range Rover 4.4TD Vogue,Zuzwil
Blue,Mercedes-Benz,S 500,S 500,Zuzwil
Blue,Renault,ALPINE,Alpine A310 V6,Zuzwil
Blue,Audi,RS6,RS6 Avant quattro,Zuzwil
Blue,Maserati,QUATTROPORTE,Quattroporte 4.2,Zuzwil
Blue,Renault,ALPINE,ALPINE A310 1600 VG,Zuzwil
Blue,Audi,RS6,RS6 Avant quattro,Zuzwil
Blue,Ferrari,F360,F360 Modena Berlinetta,Zuzwil
Blue,Mercedes-Benz,CL 500,CL 500,Zuzwil
Blue,Ferrari,575M,575M,Zuzwil
Blue,Volvo,C70,C70 T5,Zuzwil
Other,Mercedes-Benz,C 63 AMG,C 63 AMG BLACK SERIES (Coupé),Zuzwil
Blue,Land Rover,RANGE ROVER,Range Rover 4.6 HSE,Zuzwil
Blue,Toyota,CELICA,CELICA 1600 GT,Zuzwil
Blue,Ferrari,F360,F360 Modena Berlinetta,Zuzwil
Blue,Bmw-Alpina,7 SERIES,7 SERIES B7 Turbo Coupé,Zuzwil
Blue,Mercedes-Benz,SLR,SLR McLaren Roadster,Zuzwil
Blue,Porsche,924,924,Zuzwil
Blue,Audi,A8,A8  6.0 quattro,Zuzwil
Blue,Audi,RS6,RS6 Avant 5.0 V10 quattro,Zuzwil
Blue,Renault,ALPINE,Alpine A310 V6,Zuzwil
Blue,BMW,M3,M3,Zuzwil
Other,Bmw-Alpina,3 SERIES,3 SERIES B8,Zuzwil
Blue,Mercedes-Benz,SL 600,SL 600,Zuzwil
Blue,Audi,RS4,RS4 Avant quattro,Zuzwil
Blue,Mercedes-Benz,CLK 55 AMG,CLK 55 AMG Avantgarde,Zuzwil
Blue,Mercedes-Benz,SLK 230,SLK 230 Kompressor,Zuzwil
Blue,Porsche,911,911 Carrera 4S,Zuzwil
Other,Mitsubishi,LANCER,Lancer Evo VII,Zuzwil
Other,Mercedes-Benz,S 320,S 320,Zuzwil
Other,Mercedes-Benz,SL 600,SL 600,Zuzwil
Other,Mercedes-Benz,,170V B Cabrio 136,Zuzwil
Other,Mercedes-Benz,S 500,S 500,Zuzwil
Other,Audi,RS6,RS6 Avant 5.0 V10 quattro,Zuzwil
Other,Mercedes-Benz,SL 55 AMG,SL 55 AMG,Zuzwil
Other,Porsche,911,911 Turbo S Cabrio,Zuzwil
Other,Mercedes-Benz,SL 300,SL 300,Zuzwil
Other,Mercedes-Benz,S 500,S 500,Zuzwil
Other,Audi,A8,A8 4.2 quattro,Zuzwil
Other,Fiat,,850 Spider,Zuzwil
Other,Ferrari,F360,F360 Modena Berlinetta,Zuzwil
Other,Bentley,,T 2,Zuzwil
Other,Mercedes-Benz,E 55 AMG,E 55 AMG Avantgarde,Zuzwil
Other,BMW,M3,M3,Zuzwil
Other,Audi,A6,A6 Avant 2.7 T q.Ambiente,Zuzwil
Other,Audi,RS6,RS6 Avant quattro,Zuzwil
Other,Ferrari,F430,F430,Zuzwil
Brown,Maserati,QUATTROPORTE,Quattroporte 4.2 Sport GT,Zuzwil
Brown,BMW,Z4,Z4 2.5i Roadster,Zuzwil
Brown,BMW,328,328i,Zuzwil
Yellow,Bentley,CONTINENTAL,Continental FlyingSpur6.0,Zuzwil
Yellow,Morgan,4/4,4/4 1.8,Zuzwil
Yellow,Rolls-Royce,CORNICHE,CORNICHE Cabrio,Zuzwil
Yellow,Ferrari,F355,F355 Berlinetta,Zuzwil
Yellow,BMW,M5,M5,Zuzwil
Yellow,Daewoo,TACUMA,Tacuma 2000i CDX,Zuzwil
Other,Renault,Alpine A110,Alpine A110 1600S Gruppe 5 look,Zuzwil
Yellow,Porsche,911,911 Turbo S Cabrio PDK,Zuzwil
Yellow,Porsche,911,911 Targa,Zuzwil
Yellow,Maserati,3200 GT,3200 GT,Zuzwil
Yellow,Mercedes-Benz,S 400,S 400 CDI,Zuzwil
Yellow,Ferrari,456,456M GT,Zuzwil
Yellow,Audi,S6,S6 quattro,Zuzwil
Yellow,Mercedes-Benz,190,190 E 2.5-16 Evo II ABS,Zuzwil
Yellow,Mazda,626,626 2.0i-16V HPV,Zuzwil
Yellow,Toyota,CAMRY,CAMRY 2000 GLi Super Liftback,Safenwil
Yellow,Porsche,CAYENNE,Cayenne Turbo S,Zuzwil
Other,Porsche,CAYENNE,Cayenne Turbo,Zuzwil
Yellow,Chrysler,VIPER,Viper RT/10,Zuzwil
Yellow,Mercedes-Benz,S 320,S 320,Zuzwil
Yellow,Toyota,MR2,MR2 2.0,Zuzwil
Yellow,Ferrari,TESTAR./512,Testarossa,Zuzwil
Gold,Chevrolet,CORVETTE,Corvette ZR1,Zuzwil
Gold,BMW,M3,M3,Zuzwil
Gold,RUF,,CTR,Zuzwil
Gold,Renault,R5,R5 Turbo 2,Zuzwil
Gold,Daimler,XJ,Six 4.0,Zuzwil
Gray,Mazda,RX-7,RX-7 2.6 Turbo II,Zuzwil
Other,Bugatti,,Veyron 16.4,Sursee
Gray,Porsche,911,911 Turbo,Zuzwil
Gray,Porsche,911,911 Carrera Cabrio,Zuzwil
Gray,Mercedes-Benz,S 500,S 500 L 4Matic,Zuzwil
Gray,Bugatti,EB,EB 110 GT/SS,Zuzwil
Gray,Audi,RS6,RS6 Avant 5.0 V10 quattro,Zuzwil
Gray,Ferrari,575M,575M,Zuzwil
Gray,Audi,RS6,RS6 Avant quattro,Zuzwil
Gray,Jaguar,S-TYPE,S-Type 4.2 V8 S/C R,Zuzwil
Gray,Maserati,SPYDER GT,Spyder GT,Zuzwil
Gray,Porsche,911,911 Carrera Targa,Zuzwil
Other,Audi,RS6,RS6 Avant 5.0 V10 quattro,Zuzwil
Gray,Ferrari,F355,F355 GTS,Zuzwil
Gray,Maserati,QUATTROPORTE,Quattroporte 4.2,Zuzwil
Gray,Mercedes-Benz,E 320,E 320 Elégance 4-Matic,Zuzwil
Gray,Jaguar,XK,XK8 Convertible,Zuzwil
Gray,Chevrolet,CORVETTE,CORVETTE,Zuzwil
Gray,Maserati,SPYDER GT,Spyder GT,Zuzwil
Gray,Ferrari,F360,F360 Spider,Zuzwil
Gray,Renault,R5,R5 1400 Alpine Turbo,Zuzwil
Gray,Ferrari,575M,575M,Zuzwil
Gray,Lancia,DELTA,Delta HF Integrale Evo,Zuzwil
Other,Mercedes-Benz,SL 600,SL 600,Zuzwil
Gray,Bentley,ARNAGE,Arnage R,Zuzwil
Gray,Mercedes-Benz,CL 500,CL 500,Zuzwil
Gray,Mercedes-Benz,E 55 AMG,E 55 AMG Avantgarde,Zuzwil
Gray,Porsche,CAYENNE,Cayenne Turbo,Zuzwil
Gray,Porsche,CAYENNE,Cayenne Turbo,Zuzwil
Gray,Mercedes-Benz,SL 600,SL 600,Zuzwil
Gray,Audi,RS6,RS6 Avant 5.0 V10 quattro MTM,Zuzwil
Gray,Austin-Healey,,100/Six BN6 Roadster,Safenwil
Gray,RUF,,CTR 2 Sport,Zuzwil
Gray,Porsche,911,911 Turbo,Zuzwil
Other,Bentley,TURBO,Turbo R,Zuzwil
Gray,Porsche,911,911 Carrera S Cabrio,Zuzwil
Gray,BMW,535,535i Touring,Zuzwil
Gray,Porsche,911,911 Turbo,Zuzwil
Gray,Porsche,CAYENNE,Cayenne Turbo,Zuzwil
Gray,Toyota,CELICA,Celica 2800 i Supra,Zuzwil
Gray,Porsche,911,911 Turbo,Zuzwil
Gray,Renault,Alpine A110,Alpine A110 1600 SX,Zuzwil
Gray,Mercedes-Benz,SL 350,SL 350,Zuzwil
Gray,Land Rover,RANGE ROVER,Range Rover 4.6 HSE,Zuzwil
Gray,Porsche,PANAMERA,Panamera Turbo 4.8,Zuzwil
Other,Porsche,911,911 Carrera,Zuzwil
Gray,Audi,RS6,RS6 Avant 5.0 V10 quattro,Zuzwil
Gray,BMW,540,540i Touring,Zuzwil
Gray,Maserati,SPYDER GT,Spyder GT,Zuzwil
Gray,Maserati,COUPÉ GT,Coupé GT,Zuzwil
Gray,Lamborghini,HURACAN,Huracan LP610-4 Coupé,Zuzwil
Gray,Aston Martin,Virage,Virage,Zuzwil
Gray,Fiat,PUNTO,Punto 1.8 16V HGT,Zuzwil
Gray,Audi,RS6,RS6 Avant quattro,Zuzwil
Gray,Audi,RS6,RS6 Avant quattro,Zuzwil
Gray,BMW,X5,X5 4.4i,Zuzwil
Other,Giottiline,,Therry T22,Zuzwil
Gray,Ferrari,612,612,Zuzwil
Gray,Audi,RS6,RS6 Avant 5.0 V10 quattro,Zuzwil
Gray,Porsche,911,911 Turbo,Zuzwil
Gray,Mercedes-Benz,S 55 AMG,S 55 AMG,Zuzwil
Gray,Audi,R8,R8 Coupé 4.2,Zuzwil
Gray,Mercedes-Benz,CLK 63 AMG,CLK 63 AMG Black Series,Zuzwil
Gray,Bentley,CONTINENTAL,Continental GTC 6.0,Zuzwil
Gray,Audi,RS6,RS6 Avant quattro,Zuzwil
Gray,Ferrari,F550,F550 Maranello,Zuzwil
Gray,Aston Martin,DBS,DBS Coupé,Zuzwil
Other,Audi,RS6,RS6 Avant quattro,Zuzwil
Other,Mercedes-Benz,SL 500,SL 500,Zuzwil
Gray,Mercedes-Benz,S 500,S 500,Zuzwil
Gray,Mercedes-Benz,E 500,E 500 Limited,Zuzwil
Gray,Mercedes-Benz,CL 65 AMG,CL 65 AMG,Zuzwil
Gray,Mercedes-Benz,SL 500,SL 500 Special Edition,Zuzwil
Gray,Lamborghini,GALLARDO,Gallardo LP560-4 Coupé,Zuzwil
Gray,Porsche,BOXSTER,Boxster S 3.4,Zuzwil
Gray,VW,PHAETON,Phaeton 4.2 V8 4Motion,Zuzwil
Gray,Ferrari,612,612,Zuzwil
Gray,Audi,RS6,RS6 Avant 5.0 V10 quattro,Zuzwil
Gray,Porsche,911,911 Carrera,Zuzwil
Other,Porsche,911,911 Turbo,Zuzwil
Gray,Renault,,R8 Gordini,Zuzwil
Gray,Mercedes-Benz,S 500,S 500 L,Zuzwil
Gray,BMW,323,323i Sport Edition,Zuzwil
Gray,Mercedes-Benz,CL 500,CL 500 4Matic,Zuzwil
Gray,VW,BEETLE,BEETLE New Beetle Cup,Zuzwil
Gray,Porsche,CAYENNE,Cayenne Turbo,Zuzwil
Gray,Mercedes-Benz,S 500,S 500 L,Zuzwil
Gray,Mercedes-Benz,SL 55 AMG,SL 55 AMG,Zuzwil
Gray,Audi,RS6,RS6 Avant quattro,Zuzwil
Gray,MG,MGC,C GT,Zuzwil
Other,Audi,A8,A8 4.2 quattro,Zuzwil
Gray,Porsche,924,924,Zuzwil
Gray,Ford,,T - Roadster,Zuzwil
Gray,Mercedes-Benz,CLK 430,CLK 430 Elégance,Zuzwil
Gray,VW,GOLF,Golf 2.0 TSI R 4Motion,Zuzwil
Gray,Porsche,911,911 Carrera RS Clubsport/993 GT2,Zuzwil
Gray,Land Rover,DEFENDER,Defender 90 2.4Td4 SW,Zuzwil
Gray,Mercedes-Benz,S 65 AMG,S 65 AMG L,Zuzwil
Gray,Mercedes-Benz,ML 63 AMG,ML 63 AMG 4Matic,Zuzwil
Gray,Audi,S6,S6 quattro 4.2,Zuzwil
Gray,Ferrari,F360,F360 Modena Berlinetta,Zuzwil
Other,Mercedes-Benz,SLR,SLR 730PS,Zuzwil
Gray,Mercedes-Benz,SL 55 AMG,SL 55 AMG,Zuzwil
Gray,Porsche,911,911 Carrera Targa,Zuzwil
Gray,Renault,Alpine A110,Alpine A110 1600S VC,Zuzwil
Gray,Mercedes-Benz,SL 600,SL 600,Zuzwil
Gray,Porsche,911,911 Turbo,Zuzwil
Gray,Mercedes-Benz,S-CLASS,S 55 L AMG,Zuzwil
Gray,BMW,M3,M3,Zuzwil
Gray,BMW,740,740i,Zuzwil
Gray,Lamborghini,GALLARDO,Gallardo LP560-4 Spyder,Zuzwil
Gray,Dodge,VIPER,VIPER,Zuzwil
Other,Mercedes-Benz,S 65 AMG,S 65 AMG L,Zuzwil
Gray,Mercedes-Benz,E 500,E 500 Avantgarde,Zuzwil
Gray,Audi,A8,A8 4.2 quattro,Zuzwil
Gray,Porsche,BOXSTER,Boxster S 3.2,Zuzwil
Gray,Mercedes-Benz,SL 500,SL 500,Zuzwil
Gray,Ferrari,456,456 GTA,Zuzwil
Gray,Ford,CORTINA,CORTINA Cortina Lotus,Zuzwil
Gray,Mercedes-Benz,SLK 200,SLK 200,Zuzwil
Gray,Mercedes-Benz,ML 63 AMG,ML 63 AMG 4Matic,Zuzwil
Gray,Mercedes-Benz,S 65 AMG,S 65 AMG L,Zuzwil
Gray,BMW,323,323 323i,Zuzwil
Other,Mercedes-Benz,CLS 500,CLS 500,Zuzwil
Gray,Land Rover,RANGE ROVER,Range Rover 4.6 HSE,Zuzwil
Gray,Porsche,911,911 Carrera 4,Zuzwil
Gray,Audi,RS6,RS6 Avant quattro,Zuzwil
Gray,Aston Martin,V12 Vanquish,Vanquish V12,Zuzwil
Gray,Mercedes-Benz,CL 500,CL 500,Zuzwil
Gray,BMW,530 Gran Turismo,530d GT,Zuzwil
Gray,Porsche,911,911 GT2,Zuzwil
Gray,BMW,740,740i,Zuzwil
Gray,BMW,,1602,Zuzwil
Gray,Land Rover,RANGE ROVER,RANGE ROVER 3.5,Zuzwil
Other,Renault,ALPINE,Alpine A310 V6,Zuzwil
Gray,Talbot,MATRA,Murena 2.2,Zuzwil
Gray,Mercedes-Benz,SLK 350,SLK 350,Zuzwil
Gray,Austin-Healey,,BT7 3000 Mk I,Zuzwil
Gray,Porsche,CAYENNE,Cayenne Turbo S,Zuzwil
Gray,Lotus,Super Seven,Super Seven HKT,Zuzwil
Gray,Porsche,CAYENNE,Cayenne S,Zuzwil
Gray,Maserati,QUATTROPORTE,Quattroporte 4.7 S,Zuzwil
Gray,Mercedes-Benz,S 250,S 250 CDI BlueEff SS,Zuzwil
Gray,Mercedes-Benz,S 320,S 320 CDI,Zuzwil
Gray,Ferrari,456,456M GTA,Zuzwil
Other,Lamborghini,MURCIÉLAGO,Murciélago 6.2 Roadster,Zuzwil
Gray,Mercedes-Benz,SL 500,SL 500,Zuzwil
Green,BMW,730,730i,Zuzwil
Green,BMW,M5,M5,Zuzwil
Green,Simca,,Rallye2,Zuzwil
Green,BMW,M3,M3,Zuzwil
Green,Mercedes-Benz,ML 63 AMG,ML 63 AMG 4Matic,Zuzwil
Green,Audi,R8,R8 Coupé 4.2,Zuzwil
Green,Mercedes-Benz,E 420,E 420 Elégance,Zuzwil
Green,Ferrari,456,456M GTA,Zuzwil
Green,Audi,A8,A8 4.2 quattro,Zuzwil
Other,Porsche,CAYENNE,Cayenne Turbo,Zuzwil
Green,Mclaren,12C,MP4-12C Spider 3.8 V8,Zuzwil
Green,BMW,323,323 323i,Zuzwil
Green,BMW,M3,M3,Zuzwil
Green,BMW,Z4,Z4 2.5i Roadster,Zuzwil
Green,Lancia,,Rally 037 stradale,Zuzwil
Green,Mercedes-Benz,S 600,S 600,Zuzwil
Green,Ferrari,348,348 tb,Zuzwil
Green,Mercedes-Benz,SL 63 AMG,SL 63 AMG,Zuzwil
Green,Porsche,911,911 Turbo S Cabrio SPEED ART 580PS,Zuzwil
Green,Mercedes-Benz,S 500,S 500 L,Porrentruy
Beige,Mercedes-Benz,S 65 AMG,S 65 L / BRABUS T65 S,Zuzwil
Green,Mercedes-Benz,,E 60 Carlsson,Zuzwil
Green,Porsche,911,911 Turbo,Zuzwil
Green,Lamborghini,DIABLO,Diablo SE 30,Porrentruy
Green,Aston Martin,DBS,DBS Volante,Zuzwil
Green,Bentley,CONTINENTAL,Continental Supersports Conv.,Zuzwil
Green,Lexus,GS,GS 450h,Zuzwil
Green,Fiat,Dino,Dino 2400 Coupé,Zuzwil
Green,BMW,323,323Ci,Zuzwil
Green,Mercedes-Benz,SL 500,SL 500,Zuzwil
Green,Mercedes-Benz,CLS 55 AMG,CLS 55 AMG,Zuzwil
Other,Chevrolet,CORVETTE,Corvette Z06,Zuzwil
Beige,Mercedes-Benz,E 55 AMG,E 55 AMG Avantgarde,Zuzwil
Green,NSU,,TT,Zuzwil
Green,Porsche,911,911 Turbo,Zuzwil
Green,Audi,RS6,RS6 Avant 5.0 V10 quattro,Zuzwil
Green,Audi,S3,S3 2.0 TFSI quattro,Zuzwil
Green,Ferrari,575M,575M NOVITEC,Zuzwil
Green,Ferrari,MONDIAL,Mondial 3.4 T,Zuzwil
Green,VW,PHAETON,Phaeton 6.0 W12 4Motion,Zuzwil
Green,Mercedes-Benz,,CLK DTM AMG,Zuzwil
Green,Mercedes-Benz,CLK 55 AMG,CLK 55 AMG Avantgarde,Zuzwil
Green,Mercedes-Benz,E 430,E 430 Avantgarde,Zuzwil
Beige,Mercedes-Benz,CLS 63 AMG,CLS 63 AMG,Zuzwil
Green,Mercedes-Benz,CL 55 AMG,CL 55 AMG,Zuzwil
Green,BMW,323,323 Alpina Look,Zuzwil
Green,Peugeot,406,406 Coupé 3.0 V6 Pack,Zuzwil
Green,BMW,633,633 CSI A,Zuzwil
Green,Mercedes-Benz,SLK 320,SLK 320,Zuzwil
Green,Audi,RS6,RS6 Avant 5.0 V10 quattro,Zuzwil
Green,Mercedes-Benz,SL 500,SL 500,Zuzwil
Green,Mercedes-Benz,CL 600,CL 600,Zuzwil
Green,Audi,A6,A6 2.8 Ambiente,Zuzwil
Green,Mercedes-Benz,ML 63 AMG,ML 63 AMG 4Matic,Zuzwil
Beige,BMW,X5,X5 4.4i,Zuzwil
Green,Mercedes-Benz,SL 600,SL 600,Zuzwil
Green,Porsche,911,911 Turbo,Zuzwil
Green,Land Rover,RANGE ROVER,Range Rover 4.6 HSE,Zuzwil
Green,Mercedes-Benz,SL 55 AMG,SL 55 AMG,Zuzwil
Green,Alfa Romeo,ALFASUD,Alfasud 1.5 ti,Zuzwil
Green,Mercedes-Benz,S 600,S 600,Zuzwil
Green,Ferrari,Dino,Dino 246 GTS,Sursee
Green,Audi,S8,S8 4.2 quattro,Zuzwil
Green,Chevrolet,CORVETTE,Corvette ZR1,Zuzwil
Green,Porsche,911,911 GT2,Zuzwil
Beige,Mercedes-Benz,SL 500,SL 500,Zuzwil
Green,Mercedes-Benz,SL 63 AMG,SL 63 AMG,Zuzwil
Green,Renault,Alpine A110,Alpine A110,Zuzwil
Green,Ferrari,F360,F360 Spider,Zuzwil
Green,Porsche,911,911 Turbo,Zuzwil
Green,BMW,M5,M5,Zuzwil
Green,Saab,9-3,9-3 2.0i-16 T SE,Zuzwil
Orange,Maserati,QUATTROPORTE,Quattroporte 4.2 Exec. GT,Zuzwil
Orange,Alfa Romeo,GTV,GTV 6 2.5,Zuzwil
Orange,Mercedes-Benz,,SL 60,Zuzwil
Orange,Porsche,911,911 GT3 CUP Rennwagen,Zuzwil
Blue,Mercedes-Benz,SL 55 AMG,SL 55 AMG,Zuzwil
Orange,Lamborghini,DIABLO,DIABLO SV-R Race,Porrentruy
Red,Bentley,TURBO,Turbo R,Zuzwil
Red,Porsche,911,911 Turbo,Zuzwil
Red,Maserati,COUPÉ GT,Coupé GT,Zuzwil
Red,Mercedes-Benz,E 350,E 350 Elégance 4Matic,Zuzwil
Red,Mercedes-Benz,SL 65 AMG,SL 65 AMG,Zuzwil
Red,Ferrari,F360,F360 Spider,Zuzwil
Red,Mercedes-Benz,SL 600,SL 600,Zuzwil
Red,Mercedes-Benz,SL 55 AMG,SL 55 AMG,Zuzwil
Red,Audi,RS6,RS6 Avant 5.0 V10 quattro 730PS,Zuzwil
Blue,Audi,S4,S4 Avant quattro,Zuzwil
Red,Porsche,944,944 S2 Cabriolet ABS,Zuzwil
Red,Dodge,VIPER,VIPER RT/10,Zuzwil
Red,Land Rover,RANGE ROVER,Range Rover 4.4 V8 HSE,Zuzwil
Red,Audi,RS6,RS6 Avant quattro,Zuzwil
Red,Ferrari,F355,F355 Spider,Zuzwil
Red,Porsche,CAYENNE,Cayenne S,Zuzwil
Red,Mercedes-Benz,S 63 AMG,S 63 AMG,Zuzwil
Red,Porsche,911,911 Carrera,Zuzwil
Red,Aston Martin,DB9,DB9 Volante,Zuzwil
Red,Opel,SPEEDSTER,Speedster 2.0 16V Turbo,Zuzwil
Blue,Lamborghini,MURCIÉLAGO,Murciélago 6.2 Coupé,Zuzwil
Red,Audi,RS6,RS6 Avant 5.0 V10 quattro,Zuzwil
Red,Porsche,911,911 Turbo S Cabrio,Zuzwil
Red,Mercedes-Benz,E 63 AMG,E 63 AMG CGI,Zuzwil
Red,BMW,740,740i,Zuzwil
Red,Porsche,CAYENNE,Cayenne Turbo,Zuzwil
Red,Ferrari,F430,F430,Zuzwil
Red,Mercedes-Benz,SL 500,SL 500,Zuzwil
Red,Porsche,911,911 Carrera 4 Ruf Turbo BTR 2 420 PS,Zuzwil
Red,Mitsubishi,STARION,Starion 2000 Turbo,Zuzwil
Red,Porsche,911,911 Turbo Cabrio,Zuzwil
Blue,BMW,330,330Ci,Zuzwil
Red,Bentley,Mulsanne,Mulsanne Turbo,Zuzwil
Red,Chrysler,300C,300C T 5.7 HEMI V8,Zuzwil
Red,Saab,9-3,9-3 2.0T Performance,Zuzwil
Red,Volvo,V70,V70 2.4T,Zuzwil
Red,VW,PHAETON,Phaeton 3.0 TDi V6 4M,Zuzwil
Red,Mercedes-Benz,C 350,C 350 Elégance 4Matic,Zuzwil
Red,BMW,M5,M5,Zuzwil
Red,Mercedes-Benz,SL 600,SL 600,Zuzwil
Red,Porsche,BOXSTER,Boxster 2.5,Zuzwil
Red,Mercedes-Benz,CL 600,CL 600,Zuzwil
Blue,Triumph,Spitfire,Spitfire MK IV,Zuzwil
Red,Rolls-Royce,Silver Shadow,Silver Shadow II,Zuzwil
Red,Jaguar,XJ,XJR 4.0 V8 S/C,Zuzwil
Red,Bentley,ARNAGE,Arnage T,Zuzwil
Red,Mercedes-Benz,CL 600,CL 600,Zuzwil
Red,Mercedes-Benz,E 63 AMG,E 63 AMG,Zuzwil
Red,Marcos,,1600 GT,Zuzwil
Red,Mercedes-Benz,SL 500,SL 500,Zuzwil
Red,Renault,CLIO,CLIO Rennwagen,Zuzwil
Red,Renault,ALPINE,ALPINE V6,Zuzwil
Red,Porsche,911,911 GT3 CS,Zuzwil
Blue,Lincoln,Navigator,Navigator 32 V,Zuzwil
Red,Ferrari,575M,575M,Zuzwil
Red,Mercedes-Benz,SL 65 AMG,SL 65 AMG BLACK SERIES,Zuzwil
Red,Porsche,911,911 Turbo,Zuzwil
Red,Mercedes-Benz,E 420,E 420 Avantgarde,Zuzwil
Red,Audi,A8,A8 4.2 quattro,Zuzwil
Red,Ferrari,F430,F430,Zuzwil
Red,Dodge,,B 200,Zuzwil
Red,Audi,RS6,RS6 Avant 5.0 V10 quattro,Zuzwil
Red,BMW,M3,M3,Zuzwil
Red,Audi,A6,A6 Avant 2.7 T Ambition,Zuzwil
Other,Porsche,CAYENNE,Cayenne Turbo Techart Magnum Kit,Zuzwil
Blue,Audi,RS6,RS6 Avant quattro,Zuzwil
Red,Jaguar,S-TYPE,S-Type 4.0 V8,Zuzwil
Red,Porsche,911,911 Turbo S,Zuzwil
Red,Toyota,,1000 / Publica,Zuzwil
Red,Audi,A8,A8 4.2 quattro,Zuzwil
Red,Jaguar,XK,XKR S/C Convertible,Zuzwil
Red,Audi,A4,A4 Avant 2.8 q.Ambition,Zuzwil
Red,Mercedes-Benz,E 50 AMG,E 50 AMG Avantgarde,Zuzwil
Red,BMW,X5,X5 4.8is,Zuzwil
Red,Audi,RS6,RS6 Avant quattro,Zuzwil
Black,BMW,135,135i,Zuzwil
Blue,Ferrari,456,456M GT,Zuzwil
Black,Mercedes-Benz,CLK 55 AMG,CLK 55 AMG Avantgarde,Zuzwil
Black,Mercedes-Benz,SL 55 AMG,SL 55 AMG,Zuzwil
Black,Mercedes-Benz,S 600,S 600,Zuzwil
Black,Renault,ALPINE,ALPINE 2700VA,Zuzwil
Black,Nissan,SUNNY,SUNNY 2.0 16V GTI-R Rallye,Zuzwil
Black,Alfa Romeo,GTV,GTV 2000 Bertone,Zuzwil
Black,Mercedes-Benz,SL 500,SL 500,Zuzwil
Black,Lamborghini,GALLARDO,Gallardo LP570-4 Coupé SL,Zuzwil
Black,SEAT,IBIZA,Ibiza 1.9 TDI FR,Zuzwil
Black,Volvo,S40,S40 2.0 T,Zuzwil
Blue,Mercedes-Benz,CLS 500,CLS 500,Zuzwil
Black,Audi,R8,R8 Spyder 5.2,Zuzwil
Black,Mercedes-Benz,500,500 SE,Zuzwil
Black,Jeep,Grand Cherokee,Grand Cherokee 5.2 Ltd.,Zuzwil
Black,Ferrari,F355,F355 Spider,Zuzwil
Black,Audi,S6,S6 Avant quattro 4.2,Zuzwil
Black,BMW,M5,M5,Zuzwil
Black,Lamborghini,GALLARDO,Gallardo LP560-4 Coupé,Zuzwil
Black,Mercedes-Benz,SL 600,SL 600,Zuzwil
Black,Mercedes-Benz,C 180,C 180 Esprit,Zuzwil
Black,Lamborghini,MURCIÉLAGO,Murciélago 6.2 Coupé,Zuzwil
Blue,Mercedes-Benz,,SL 250 Pagode,Zuzwil
Black,Lamborghini,MURCIÉLAGO,Murciélago LP640-4 Cpé,Porrentruy
Black,BMW,X5,X5 4.4i,Zuzwil
Black,Audi,S8,S8 4.2 quattro,Zuzwil
Black,Mercedes-Benz,E 500,E 500 Avantgarde,Zuzwil
Black,BMW,750,750iL,Zuzwil
Black,BMW,330,330Ci,Zuzwil
Black,BMW,320,320i Touring,Zuzwil
Black,Renault,,DAUPHINE GORDINI,Zuzwil
Black,BMW,525,525xi,Zuzwil
Black,Rolls-Royce,CORNICHE,CORNICHE II Coupé,Basel
Blue,Land Rover,RANGE ROVER SPORT,Range Rover Sport 4.2 V8 SC,Zuzwil
Black,Ferrari,F40 / F50,F40 / F50,Sursee
Black,Renault,Alpine A110,Alpine A110 1600 S,Zuzwil
Black,Mercedes-Benz,CLS 63 AMG,CLS 63 AMG,Zuzwil
Black,BMW,M3,M3,Zuzwil
Black,Mercedes-Benz,CL 600,CL 600,Zuzwil
Black,Daimler,V8,V8 4.0,Zuzwil
Black,BMW,530,530i Touring,Zuzwil
Black,BMW,528,528i Touring,Zuzwil
Black,Ferrari,456,456M GTA,Zuzwil
Black,Bentley,CONTINENTAL,Continental R Coupé,Zuzwil
Blue,Lamborghini,MURCIÉLAGO,Murciélago LP640-4 Cpé,Zuzwil
Black,Mercedes-Benz,SL 500,SL 500,Zuzwil
Black,Renault,ALPINE,ALPINE V6,Zuzwil
Black,Ford,SIERRA,Sierra 2.0i Cosworth 4x4,Zuzwil
Black,Audi,RS4,RS4 Avant 4.2 V8 quattro,Zuzwil
Black,Porsche,911,911 Carrera Jubilé 40,Zuzwil
Black,VW,PHAETON,Phaeton 6.0 W12 4Motion,Zuzwil
Black,Mercedes-Benz,SL 320,SL 320,Zuzwil
Black,Porsche,911,911 GT3 RS,Sursee
Black,Mercedes-Benz,E 63 AMG,E 63 AMG,Zuzwil
Black,Porsche,911,911 Carrera 4,Zuzwil
Blue,Audi,RS4,RS4 Avant quattro,Zuzwil
Black,Mercedes-Benz,SL 600,SL 600,Zuzwil
Black,BMW,540,540i,Zuzwil
Black,Trabant,,1300S Trabusa,Zuzwil
Black,SEAT,LEON,Leon 2.0 TSI FR,Zuzwil
Black,Jaguar,E,E E-Type III,Zuzwil
Black,Lamborghini,AVENTADOR,Aventador LP700-4 Rds,Zuzwil
Black,Mercedes-Benz,S 55 AMG,S 55 AMG,Zuzwil
Black,BMW,X5,X5 4.4i,Zuzwil
Black,Maserati,QUATTROPORTE,Quattroporte 4.2,Zuzwil
Black,Audi,RS6,RS6 Avant quattro,Zuzwil
Blue,Renault,ALPINE,Alpine A310 V6,Zuzwil
Black,Audi,RS6,RS6 Avant 5.0 V10 quattro,Zuzwil
Black,Porsche,CAYENNE,Cayenne Turbo,Zuzwil
Black,BMW,760,760i L,Zuzwil
Black,Mercedes-Benz,B 200,B 200 T Sailing Edition,Zuzwil
Black,Maserati,QUATTROPORTE,Quattroporte 4.2,Zuzwil
Black,BMW,335,335i,Zuzwil
Black,Mercedes-Benz,SLK 55 AMG,SLK 55 AMG,Zuzwil
Black,Porsche,CAYENNE,Cayenne Turbo,Zuzwil
Black,Bentley,ARNAGE,Arnage Red Label,Zuzwil
Black,Audi,TT,TTS Cpé 2.0 TFSI quattro,Zuzwil
Blue,Mercedes-Benz,SL 600,SL 600,Zuzwil
Black,Mercedes-Benz,CL 600,CL 600,Zuzwil
Black,Renault,R5,R5 1400 Alpine Turbo,Zuzwil
Black,Mercedes-Benz,ML 500,ML 500,Zuzwil
Black,Ford,CAPRI,CAPRI RS 2600,Zuzwil
Black,Mercedes-Benz,E 50 AMG,E 50 AMG Avantgarde,Zuzwil
Black,BMW,M5,M5,Zuzwil
Black,Bmw-Alpina,5 SERIES,B10 4.6 S.Tronic,Zuzwil
Black,Ford,ESCORT,Escort 2.0i RS Cosworth,Zuzwil
Black,Mercedes-Benz,E 55 AMG,E 55 AMG Avantgarde,Zuzwil
Black,BMW,2002,2002 Turbo,Zuzwil
Blue,BMW,750,750i,Zuzwil
Black,Maserati,QUATTROPORTE,Quattroporte 4.2 Sport GT,Zuzwil
Black,Mercedes-Benz,C 63 AMG,C 63 AMG Avantgarde,Zuzwil
Black,Bentley,BROOKLANDS,Brooklands,Zuzwil
Black,Maserati,QUATTROPORTE,Quattroporte 4.2 Sport GT,Zuzwil
Black,Mercedes-Benz,E 63 AMG,E 63 AMG,Zuzwil
Black,Aston Martin,V8 Vantage,V8 Vantage 4.3,Zuzwil
Black,Bmw-Alpina,5 SERIES,B5 BiTurbo 4.4 V8,Zuzwil
Black,Porsche,CAYENNE,Cayenne Turbo,Zuzwil
Black,Jaguar,XK,XKR S/C,Zuzwil
Black,Mercedes-Benz,SL 55 AMG,SL 55 AMG,Zuzwil
Other,Ford (Usa),MUSTANG,Mustang Shelby GT500,Zuzwil
Blue,Lamborghini,DIABLO,Diablo 5.7,Porrentruy
Black,Opel,FRONTERA,Frontera 3.2i V6 Limited,Zuzwil
Black,Aston Martin,V8 Vantage,V8 Vantage 4.3,Zuzwil
Black,Mercedes-Benz,SLK 55 AMG,SLK 55 AMG Black Series,Zuzwil
Black,Chevrolet,CORVETTE,Corvette 5.7 LT1 Convert.,Zuzwil
Black,Mercedes-Benz,300,300 SEL 3.5,Zuzwil
Black,Alfa Romeo,SPIDER,Spider 2.0,Zuzwil
Black,Aston Martin,V8 Vantage,V8 Vantage 4.3,Zuzwil
Black,Mercedes-Benz,SLK 230,SLK 230 Kompressor,Zuzwil
Black,Saab,9-3,9-3 2.0i-16 TS Aero,Zuzwil
Black,Porsche,911,911 Carrera Cabrio,Zuzwil
Blue,Mercedes-Benz,SL 55 AMG,SL 55 AMG,Zuzwil
Black,Audi,RS6,RS6 Avant quattro,Zuzwil
Black,Lotus,EUROPA,EUROPA,Zuzwil
Black,Mercedes-Benz,CL 500,CL 500,Zuzwil
Black,BMW,M5,M5,Zuzwil
Black,VW,PHAETON,Phaeton 6.0 W12 4Motion,Zuzwil
Black,Lamborghini,DIABLO,Diablo 5.7,Zuzwil
Black,Mercedes-Benz,SL 600,SL 600,Zuzwil
Black,Opel,MANTA,MANTA 400 Breitbau,Zuzwil
Black,BMW,750,750i xDrive,Zuzwil
Black,Porsche,911,911 GT2,Zuzwil
Blue,Porsche,911,911 GT2,Zuzwil
Black,Opel,VECTRA,Vectra 2.8 T V6 Cosmo,Zuzwil
Black,BMW,X5,X5 4.4i,Zuzwil
Black,Mercedes-Benz,SL-CLASS,500 SL,Zuzwil
Black,Mercedes-Benz,S 500,S 500,Zuzwil
Black,Mercedes-Benz,CLS 500,CLS 500,Zuzwil
Black,Mercedes-Benz,G 63 AMG,G 63 AMG,Zuzwil
Black,Mercedes-Benz,S 63 AMG,S 63 AMG L,Zuzwil
Black,Porsche,911,911 Targa,Zuzwil
Black,Nissan,MURANO,Murano 3.5 V6,Zuzwil
Black,Ferrari,F355,F355 Berlinetta,Zuzwil
Blue,Audi,RS6,RS6 Avant quattro,Zuzwil
Black,Lamborghini,GALLARDO,Gallardo Superleggera,Zuzwil
Black,Audi,R8,R8 Coupé 4.2,Zuzwil
Black,Bentley,CONTINENTAL,Continental Supersports Conv.,Zuzwil
Black,BMW,M6,M6,Zuzwil
Black,Toyota,CELICA,Celica 2800 i Supra,Zuzwil
Black,BMW,323,323Ci,Zuzwil
Black,Audi,A4,A4 Avant 3.0 V6 quattro,Zuzwil
Black,Mercedes-Benz,CLS 500,CLS 500,Zuzwil
Black,Mercedes-Benz,SL 500,SL 500,Zuzwil
Black,Mercedes-Benz,SL 600,SL 600,Zuzwil
Blue,Hummer,H3,H3 3.5 Luxury,Zuzwil
Black,Bentley,CONTINENTAL,Continental GTC 6.0,Zuzwil
Black,Audi,RS6,RS6 Avant 5.0 V10 quattro,Zuzwil
Black,BMW,740,740i,Zuzwil
Black,BMW,330,330Ci,Zuzwil
Black,MG,METRO,METRO 6R4 Gruppe B,Zuzwil
Black,BMW,535,535i,Zuzwil
Black,Mercedes-Benz,SL 500,SL 500,Zuzwil
Black,Porsche,CAYENNE,Cayenne Turbo,Zuzwil
Black,BMW,M6,M6,Zuzwil
Black,Maserati,QUATTROPORTE,Quattroporte 4.2,Zuzwil
Blue,Mercedes-Benz,CL 600,CL 600,Zuzwil
Black,Audi,RS6,RS6 Avant quattro,Zuzwil
Black,Mercedes-Benz,SL 600,SL 600,Zuzwil
Black,Porsche,911,911 Carrera Cabrio,Zuzwil
Black,Lamborghini,DIABLO,Diablo 5.7 VT Roadster,Porrentruy
Black,Jeep,Grand Cherokee,Grand Cherokee 5.2 Ltd.,Zuzwil
Black,BMW,730,730d,Zuzwil
Black,Mercedes-Benz,450,450 SLC,Zuzwil
Black,Renault,Alpine A110,Alpine A110 1300,Zuzwil
Black,Porsche,911,911 GT3,Zuzwil
Black,Mercedes-Benz,SL 600,SL 600,Zuzwil
Blue,Audi,RS6,RS6 Avant quattro,Zuzwil
Black,Audi,A8,A8 4.2 quattro,Zuzwil
Black,Yes!,,Roadster 3.2,Zuzwil
Black,Porsche,911,911 Carrera,Zuzwil
Black,VW,PHAETON,Phaeton 6.0 W12 4Motion,Zuzwil
Black,Ferrari,F360,F360 Modena Berlinetta,Zuzwil
Black,Audi,S5,S5 Coupé 4.2 FSI quattro,Zuzwil
Black,Aston Martin,LAGONDA,LAGONDA Shooting Brake,Safenwil
Black,Mercedes-Benz,SL 500,SL 500,Zuzwil
Black,Audi,RS6,RS6 Avant quattro,Zuzwil
Black,Lamborghini,AVENTADOR,Aventador LP700-4 Rds,Porrentruy
Blue,Porsche,924,924 Turbo,Zuzwil
Black,Bentley,CONTINENTAL,Continental FlyingSpur6.0,Zuzwil
Black,Rolls-Royce,Silver Spirit,Silver Spirit Mk. I,Zuzwil
Black,Mclaren,12C,MP4-12C 3.8 V8,Zuzwil
Black,Porsche,CAYENNE,Cayenne Turbo,Zuzwil
Black,Land Rover,RANGE ROVER SPORT,Range Rover Sport 5.0 V8 SC,Zuzwil
Black,Mercedes-Benz,S 500,S 500,Zuzwil
Black,Mercedes-Benz,SL 55 AMG,SL 55 AMG,Zuzwil
Black,Audi,A8,A8 3.7,Zuzwil
Black,Mercedes-Benz,600-SERIES,611 DS,Zuzwil
Black,Audi,RS4,RS4 Avant 4.2 FSI quattro,Zuzwil
Blue,Renault,Alpine A110,Alpine A110 1600 SX,Zuzwil
Black,Mercedes-Benz,CL 63 AMG,CL 63 AMG FAB DESIGN,Zuzwil
Black,Audi,RS4,RS4 Avant quattro,Zuzwil
Black,Mercedes-Benz,SL 55 AMG,SL 55 AMG,Zuzwil
Black,Lotus,ESPRIT,Esprit 3.5 V8 SE,Zuzwil
Black,Porsche,CAYENNE,Cayenne Turbo,Zuzwil
Black,Renault,R12,R12 Gordini,Zuzwil
Black,Toyota,DYNA,DYNA Bergungsfahrzeug,Zuzwil
Black,Lamborghini,GALLARDO,GallardoLP570-4CpéTecnica,St. Gallen
Black,VW,TOUAREG,Touareg R50 V10,Zuzwil
Black,Mercedes-Benz,SLK 200,SLK 200 Kompressor,Zuzwil
Blue,Bentley,ARNAGE,Arnage Green Label,Zuzwil
Black,Audi,S3,S3 quattro,Zuzwil
Black,Chrysler,VIPER,Viper RT/10,Zuzwil
Black,Mercedes-Benz,SLK 55 AMG,SLK 55 AMG,Zuzwil
Black,Bentley,CONTINENTAL,Continental GT 6.0,Zuzwil
Black,Mercedes-Benz,SL 500,SL 500,Zuzwil
Black,Lotus,ELISE,Elise,Zuzwil
Black,Maserati,QUATTROPORTE,Quattroporte 4.2,Zuzwil
Black,Mercedes-Benz,SL 600,SL 600,Zuzwil
Black,Mercedes-Benz,SL 500,SL 500 Edition,Zuzwil
Black,Hyundai,COUPÉ,Coupé 2.7 24V FX,Zuzwil
Other,Mercedes-Benz,CLS 500,CLS 500,Zuzwil
Blue,Opel,SPEEDSTER,Speedster 2.2 16V,Zuzwil
Black,Mercedes-Benz,ML 430,ML 430,Zuzwil
Black,Mercedes-Benz,SL 65 AMG,SL 65 AMG,Zuzwil
Black,Porsche,911,911 GT3,Zuzwil
Black,Nissan,Skyline,Skyline Rennwagen,Zuzwil
Black,Bentley,CONTINENTAL,Continental GT Speed 6.0,Zuzwil
Black,Mercedes-Benz,ML 500,ML 500 4Matic,Zuzwil
Black,Ferrari,575M,575M,Zuzwil
Black,Mercedes-Benz,E 63 AMG,E 63 AMG Avantgarde,Zuzwil
Black,Mercedes-Benz,CL 65 AMG,CL 65 AMG,Zuzwil
Black,Bentley,CONTINENTAL,Continental GT 6.0,Zuzwil
Blue,Mercedes-Benz,SLR,SLR McLaren Coupé,Zuzwil
Black,Porsche,911,911 Turbo,Zuzwil
Black,Audi,RS4,RS4 Cabriolet 4.2 quattro,Zuzwil
Black,Alfa Romeo,166,166 3.0 V6 24V Super,Zuzwil
Black,Bmw-Alpina,3 SERIES,B3 3.2 Coupé S.Tronic,Zuzwil
Black,Renault,ALPINE,Alpine A310 V6,Zuzwil
Black,Porsche,911,911 Turbo,Zuzwil
Black,BMW,540,540i,Zuzwil
Black,Matra,,SIMCA Bagheera Serie II,Zuzwil
Black,Ferrari,456,456 GTA,Zuzwil
Black,Lamborghini,MURCIÉLAGO,Murciélago 6.2 Coupé,Zuzwil
Blue,Porsche,911,911 Turbo,Zuzwil
Black,Renault,Alpine A110,Alpine A110 1600 SC,Zuzwil
Black,Porsche,911,911 Turbo,Zuzwil
Black,BMW,523,523i Touring,Zuzwil
Black,Ferrari,F430,F430 Challenge GT3 LOOK,Zuzwil
Black,BMW,740,740i,Zuzwil
Black,BMW,M6,M6,Zuzwil
Black,Porsche,911,911 Turbo Cabrio,Zuzwil
Black,BMW,550,550i Touring,Zuzwil
Black,Bentley,ARNAGE,Arnage Red Label,Zuzwil
Black,Jeep,Grand Cherokee,Grand Cherokee 4.0 Ltd.,Zuzwil
Blue,Jaguar,XJ,XJ8 4.2 V8 Sovereign,Zuzwil
Black,Rolls-Royce,CORNICHE,CORNICHE III,Zuzwil
Black,Mercedes-Benz,SLS 63,SLS 63 AMG,Zuzwil
Black,Mercedes-Benz,SL 320,SL 320,Zuzwil
Black,Dodge,Ram,Ram SRT-10,Zuzwil
Black,Audi,RS4,RS4 Avant quattro,Zuzwil
Black,BMW,X5,X5 4.6is,Zuzwil
Black,Lamborghini,DIABLO,Diablo 5.7 SV,Porrentruy
Black,Fiat,SPIDER,SPIDER CSA,Zuzwil
Black,BMW,M5,M5,Zuzwil
Black,Bentley,CONTINENTAL,Continental GTC 6.0,Zuzwil
Blue,Lamborghini,DIABLO,Diablo 5.7,Zuzwil
Black,Mercedes-Benz,,CLK DTM AMG Cabriolet,Zuzwil
Black,Mercedes-Benz,S 63 AMG,S 63 AMG,Zuzwil
Black,Maserati,GRANTURISMO,GranTurismo S,Zuzwil
Black,Lamborghini,MURCIÉLAGO,Murciélago LP670-4 SV Cpé,Zuzwil
Black,Jaguar,XK,XKR S/C Convertible,Zuzwil
Black,Lamborghini,GALLARDO,Gallardo 5.0 V10 Coupé,Zuzwil
Black,Mercedes-Benz,,CL 5.8 BRABUS,Zuzwil
Black,BMW,X5,X5 4.6is,Zuzwil
Black,Mercedes-Benz,SL 65 AMG,SL 65 AMG,Zuzwil
Black,Audi,RS6,RS6 Avant 4.0 TFSI V8 qu,Zuzwil
Blue,Alfa Romeo,GTV,GTV 6 2.5,Zuzwil
Black,Land Rover,RANGE ROVER,Range Rover 4.6 HSE,Zuzwil
Black,Bentley,ARNAGE,Arnage T,Zuzwil
Black,Mercedes-Benz,C 43 AMG,C 43 AMG Sport,Zuzwil
Black,Audi,RS6,RS6 Avant quattro,Zuzwil
Black,Porsche,911,911 Carrera,Zuzwil
Black,Fiat,131,131 Racing / Sport,Zuzwil
Black,Porsche,911,911 Carrera 4S Cabrio,Zuzwil
Black,Mercedes-Benz,SL 55 AMG,SL 55 AMG,Zuzwil
Black,Renault,Alpine A110,Alpine A110 Modell 1400 FASA,Zuzwil
Black,Porsche,911,911 GTR (GT3),Zuzwil
Blue,Porsche,911,911 Carrera Cabrio,Zuzwil
Black,Ferrari,F360,F360 Challenge stradale,Zuzwil
Black,Mercedes-Benz,CLS 55 AMG,CLS 55 AMG,Zuzwil
Black,Mercedes-Benz,E 240,E 240 Elégance,Zuzwil
Black,BMW,323,323 E21,Zuzwil
Black,Porsche,911,911 Carrera 4 S Cabrio,Zuzwil
Black,Porsche,911,911 Turbo Cabrio,Zuzwil
Black,Land Rover,RANGE ROVER,Range Rover 4.6 HSE,Zuzwil
Black,Mercedes-Benz,SLK 32 AMG,SLK 32 AMG,Zuzwil
Black,Bmw-Alpina,5 SERIES,B5 BiTurbo 4.4 V8,Zuzwil
Black,Lamborghini,DIABLO,Diablo 5.7,Zuzwil
Blue,Porsche,PANAMERA,Panamera Turbo 4.8,Zuzwil
Black,Audi,RS6,RS6 Avant quattro,Zuzwil
Black,BMW,320,320d Touring,Zuzwil
Black,BMW,2002,2002 Turbo,Zuzwil
Black,Renault,ALPINE,Alpine A310 V6,Zuzwil
Black,Mercedes-Benz,SL 500,SL 500,Zuzwil
Black,Porsche,911,911 Carrera,Zuzwil
Black,BMW,X5,X5 4.6is,Zuzwil
Black,BMW,M5,M5,Zuzwil
Black,Audi,RS6,RS6 Avant 5.0 V10 quattro,Zuzwil
Black,Maserati,COUPÉ GT,Coupé GT,Zuzwil
Blue,Mercedes-Benz,SL 63 AMG,SL 63 AMG,Zuzwil
Black,Audi,RS6,RS6 Avant quattro,Zuzwil
Black,Mercedes-Benz,SL 55 AMG,SL 55 AMG,Zuzwil
Black,Mercedes-Benz,S 350,S 350 L 4Matic,Zuzwil
Black,Audi,A4,A4 Avant 3.0 V6,Zuzwil
Black,VW,TOURAN,Touran 1.4 TSI Trend,Zuzwil
Black,Mercedes-Benz,S 600,S 600 L,Zuzwil
Black,BMW,3.0,3.0 CSL,Zuzwil
Black,Ferrari,612,612,Zuzwil
Black,Mercedes-Benz,G 55 AMG,G 55 AMG,Zuzwil
Black,Kaiser,,CJ-5 12V ARMEEFAHRZEUG,Zuzwil
Blue,Mercedes-Benz,SL 600,SL 600,Zuzwil
Black,Mercedes-Benz,S 320,S 320,Zuzwil
Black,Mercedes-Benz,SL 500,SL 500,Zuzwil
Black,Mercedes-Benz,SL 500,SL 500,Zuzwil
Black,Lotus,,HKT Seven GTS,Zuzwil
Black,Talbot,,Sunbeam Lotus,Zuzwil
Black,Saab,9-5,9-5 2.3T Aero,Zuzwil
Black,Audi,R8,R8 Coupé 5.2,Zuzwil
Black,Lincoln,Continental,Continental,Zuzwil
Black,Maserati,GHIBLI,Ghibli 2.8 GT,Zuzwil
Black,Mercedes-Benz,S 500,S 500 L,Zuzwil
Other,Aston Martin,DB9,DB9 Volante,Zuzwil
Blue,Lancia,DELTA,DELTA Integrale EVO,Zuzwil
Black,BMW,525,525i,Zuzwil
Black,BMW,M6,M6,Zuzwil
Black,Mercedes-Benz,CLK 63 AMG,CLK 63 AMG Black Series,Zuzwil
Black,Porsche,911,911 Turbo ll 3.6,Zuzwil
Black,Mercedes-Benz,S 320,S 320,Zuzwil
Black,Porsche,911,911 Turbo,Zuzwil
Black,Honda,ACCORD,Accord Coupé V6 3.0i VTEC,Zuzwil
Black,Audi,RS5,RS5 Coupé 4.2FSI quattro,Zuzwil
Black,Ferrari,458,458 Italia 4.5 V8,Zuzwil
Black,Rolls-Royce,Silver Spur,Silver Spur,Zuzwil
Blue,NSU,,TTS,Zuzwil
Black,Jaguar,XK,XKR 5.0 V8 SC,Zuzwil
Black,BMW,535,535d xDrive,Zuzwil
Black,Porsche,911,911 GT2,Zuzwil
Black,Mercedes-Benz,SL 500,SL 500,Zuzwil
Black,Lamborghini,HURACAN,Huracan LP610-4 Coupé,Zuzwil
Black,Mercedes-Benz,C 63 AMG,C 63 AMG BLACK SERIES,Zuzwil
Black,BMW,740,740iL,Zuzwil
Black,Porsche,911,911 GT3 CUP,Zuzwil
Black,Ferrari,612,612,Zuzwil
Black,BMW,328,328i A Cabrio,Zuzwil
Blue,Toyota,CELICA,CELICA 2000GT,Zuzwil
Black,Porsche,911,911 Carrera 4,Zuzwil
Black,Lancia,DELTA,Delta HF Integrale Evo 4V,Zuzwil
Black,Toyota,LAND CRUISER,LAND CRUISER BJ 40 LT,Zuzwil
Black,Maserati,COUPÉ GT,Coupé GT,Zuzwil
Black,Harley-Davidson,,HPU Hurricane TC,Zuzwil
Black,Land Rover,RANGE ROVER,Range Rover 4.6 HSE,Zuzwil
Black,Mercedes-Benz,CL 65 AMG,CL 65 AMG,Zuzwil
Black,Mercedes-Benz,SL 600,SL 600,Zuzwil
Black,BMW,,323 i E21,Zuzwil
Black,Maserati,GRANTURISMO,GranTurismo,Zuzwil
Blue,Mercedes-Benz,CL 500,CL 500,Zuzwil
Black,Smart,FORTWO,Fortwo passion,Zuzwil
Black,Audi,S6,S6 Avant quattro,Zuzwil
Black,Porsche,911,911 Turbo,Zuzwil
Black,Mercedes-Benz,R 500,R 500 4Matic,Zuzwil
Black,Rolls-Royce,CORNICHE,CORNICHE Convertible,Basel
Silver,Porsche,911,911 Carrera 4,Zuzwil
Silver,Lancia,DELTA,Delta HF Integrale Evo 4V,Zuzwil
Silver,Alfa Romeo,GT,GT 1300 Junior,Zuzwil
Silver,Ferrari,599,599 GTB HGTE,Zuzwil
Silver,Ferrari,365,365 Daytona Plexiglas,Sursee
Blue,Ferrari,F355,F355 Berlinetta,Zuzwil
Silver,Renault,ALPINE,Alpine A310 V6 VFA-2700 VAA,Zuzwil
Silver,Mercedes-Benz,E 55 AMG,E 55 AMG Avantgarde,Zuzwil
Silver,Mercedes-Benz,C 280,C 280 Elégance,Zuzwil
Silver,Audi,RS6,RS6 Avant quattro,Zuzwil
Silver,Audi,S8,S8 4.2 quattro,Zuzwil
Silver,VW,TOUAREG,Touareg 5.0 TDI V10,Zuzwil
Silver,Nissan,200 SX,200 SX 1.8 16V Turbo,Zuzwil
Silver,Ferrari,599,599 GTB,Zuzwil
Silver,Porsche,911,911 Turbo II,Zuzwil
Silver,Mercedes-Benz,SL 65 AMG,SL 65 AMG BLACK SERIES,Zuzwil
Blue,BMW,M3,M3,Zuzwil
Silver,Audi,RS4,RS4 4.2 V8 quattro,Zuzwil
Silver,Mercedes-Benz,CL 600,CL 600,Zuzwil
Silver,Porsche,911,911 GT3,Zuzwil
Silver,VW,TOUAREG,Touareg 5.0 TDI V10,Zuzwil
Silver,Aston Martin,DB9,DB9,Zuzwil
Silver,Mercedes-Benz,SL 500,SL 500,Zuzwil
Silver,Mercedes-Benz,CL 600,CL 600,Zuzwil
Silver,Ford (Usa),MUSTANG,Mustang,Sursee
Silver,Chevrolet,CORVETTE,Corvette ZR1,Zuzwil
Silver,Ferrari,F360,F360 Spider,Zuzwil
Blue,Daihatsu,CHARADE,Charade 1.0 Turbo,Zuzwil
Silver,BMW,545,545i,Zuzwil
Silver,Mercedes-Benz,C 240,C 240 Elégance,Zuzwil
Silver,Maserati,GRANSPORT,Coupé GranSport,Zuzwil
Silver,Mercedes-Benz,SL 65 AMG,SL 65 AMG,Zuzwil
Silver,Porsche,911,911 Turbo,Zuzwil
Silver,NSU,,TT,Zuzwil
Silver,Mclaren,12C,MP4-12C Coupé 3.8 V8,Zuzwil
Silver,BMW,735,735i,Zuzwil
Silver,Mercedes-Benz,E 250,E 250 CGI BlueEff Avgarde,Zuzwil
Silver,Renault,ALPINE,Alpine A310 V6,Zuzwil
Blue,Citroen,C5,C5 3.0 V6 Exclusive,Zuzwil
Silver,Toyota,COROLLA,Corolla 2.0 D4D L.Terra,Zuzwil
Silver,Bentley,ARNAGE,Arnage Green Label,Zuzwil
Silver,BMW,M6,M6,Zuzwil
Silver,Porsche,911,911 Turbo,Zuzwil
Silver,Ferrari,575M,575M,Zuzwil
Silver,BMW,X1,X1 xDrive 25d Sport Line,Zuzwil
Silver,Mercedes-Benz,S 65 AMG,S 65 L AMG 650PS,Zuzwil
Silver,Ferrari,456,456M GT,Zuzwil
Silver,Mercedes-Benz,S 500,S 500,Zuzwil
Silver,VW,GOLF,Golf R32 4Motion,Zuzwil
Blue,Ford,CAPRI,CAPRI RS 2600,Zuzwil
Silver,Renault,SPORT SPIDER,SPORT SPIDER Windschutzscheibe,Zuzwil
Silver,Renault,R5,R5 Alpine,Zuzwil
Silver,Mercedes-Benz,S 65 AMG,S 65 AMG L,Zuzwil
Silver,Renault,SPORT SPIDER,Spider 2.0 16V TURBO,Zuzwil
Silver,BMW,M6,M6,Zuzwil
Silver,Mercedes-Benz,CL 500,CL 500 Prime Edition,Zuzwil
Silver,Land Rover,RANGE ROVER,Range Rover 5.0 V8 SC,Zuzwil
Silver,BMW,M5,M5,Zuzwil
Silver,MG,,M Roadster,Zuzwil
Silver,Mercedes-Benz,S 600,S 600 L,Zuzwil
Blue,Jaguar,S-TYPE,S-Type 4.0 V8,Zuzwil
Silver,Fiat,SPIDER,124 Spider CSA Abarth,Zuzwil
Silver,Ferrari,F360,F360 Spider,Zuzwil
Silver,Bmw-Alpina,5 SERIES,5 SERIES B7 (E28),Zuzwil
Silver,Rolls-Royce,CORNICHE,Corniche,Zuzwil
Silver,Nissan,Skyline,Skyline R34 GTR,Zuzwil
Silver,Audi,QUATTRO,quattro Turbo 20V,Zuzwil
Silver,Audi,RS6,RS6 Avant 5.0 V10 quattro,Zuzwil
Silver,Renault,ALPINE,Alpine A610 Turbo,Zuzwil
Silver,Audi,R8,R8 GT Spyder 5.2,Zuzwil
Silver,Maserati,BITURBO,Biturbo Spyder E,Zuzwil
Other,Lotus,ELISE,Elise,Zuzwil
Blue,Mercedes-Benz,SLK 350,SLK 350,Zuzwil
Silver,Mercedes-Benz,CLK 320,CLK 320 Sport,Zuzwil
Silver,Citroen,2CV,2CV6 Charleston,Zuzwil
Silver,Mercedes-Benz,E 430,E 430 Avantgarde,Zuzwil
Silver,Renault,CLIO,Clio 3.0 Sport V6,Zuzwil
Silver,Renault,ALPINE,Alpine A310 V6,Zuzwil
Silver,Mclaren,12C,MP4-12C Coupé 3.8 V8,Zuzwil
Silver,Triumph,TR3,TR3,Safenwil
Silver,Mercedes-Benz,CL 55 AMG,CL 55 AMG,Zuzwil
Silver,Mercedes-Benz,S 320,S 320,Zuzwil
Silver,Mercedes-Benz,SL 500,SL 500,Zuzwil
Blue,Bentley,CONTINENTAL,Continental FlyingSpur6.0,Zuzwil
Silver,Porsche,911,911 Carrera Cabrio,Zuzwil
Silver,Porsche,911,911 GT3,Zuzwil
Silver,BMW,535,535d,Zuzwil
Silver,Rolls-Royce,CORNICHE,Corniche,Zuzwil
Silver,Aston Martin,DB7,DB7 Vantage Volante,Zuzwil
Silver,Mercedes-Benz,SL 500,SL 500,Zuzwil
Silver,BMW,2002,2002 tii,Zuzwil
Silver,BMW,750,750iL,Zuzwil
Silver,Bentley,ARNAGE,Arnage Green Label,Zuzwil
Silver,BMW,M5,M5,Zuzwil
Blue,Renault,CLIO,Clio 2.0 16V Sport,Zuzwil
Silver,Mercedes-Benz,SLK 200,SLK 200 Kompressor,Zuzwil
Silver,BMW,M3,M3 CSL,Zuzwil
Silver,Mercedes-Benz,SL 500,SL 500,Zuzwil
Silver,BMW,M5,M5,Zuzwil
Silver,Mercedes-Benz,SL 500,SL 500,Zuzwil
Silver,Mercedes-Benz,CL 600,CL 600,Zuzwil
Silver,Mercedes-Benz,SL 500,SL 500 6.0 AMG,Zuzwil
Silver,Mercedes-Benz,S 65 AMG,S 65 AMG L,Zuzwil
Silver,Audi,RS6,RS6 Avant quattro,Zuzwil
Silver,Land Rover,DISCOVERY,Discovery 3.9,Zuzwil
Blue,Chevrolet,CAMARO,CAMARO,Sursee
Silver,BMW,M5,M5,Zuzwil
Silver,Mercedes-Benz,300,300 300SL W198,Sursee
Silver,Fiat,STILO,Stilo 1.8 16V Swiss,Zuzwil
Silver,Lancia,,Monte Carlo 137 AS,Zuzwil
Silver,Toyota,CARINA,CARINA Deluxe,Zuzwil
Silver,Mercedes-Benz,E 320,E 320 Elégance,Zuzwil
Silver,Porsche,CAYENNE,Cayenne S,Zuzwil
Silver,BMW,M3,M3,Zuzwil
Silver,BMW,650,650i xDrive,Zuzwil
Silver,Chevrolet,CORVETTE,Corvette 6.2,Zuzwil
Blue,Maserati,COUPÉ GT,Coupé GT,Zuzwil
Silver,Ferrari,F360,F360 Modena Berlinetta,Zuzwil
Silver,BMW,328,328i Coupé,Zuzwil
Silver,Mercedes-Benz,S 65 AMG,S 65 AMG L,Zuzwil
Silver,Audi,RS6,RS6 Avant quattro,Zuzwil
Silver,Ferrari,F355,F355 Berlinetta,Zuzwil
Silver,Volvo,S60,S60 2.4T,Zuzwil
Silver,Chrysler,VIPER,Viper GTS,Zuzwil
Silver,Porsche,911,911 Turbo,Zuzwil
Silver,Porsche,CAYENNE,Cayenne Turbo,Zuzwil
Silver,Ford,,RS200 EVO Gruppe B,Zuzwil
Blue,Audi,A8,A8 4.2 quattro,Zuzwil
Silver,Audi,RS6,RS6 Avant 5.0 V10 quattro,Zuzwil
Silver,Porsche,PANAMERA,Panamera 4S 4.8,Zuzwil
Silver,BMW,X5,X5 4.4i,Zuzwil
Silver,Mercedes-Benz,SL 55 AMG,SL 55 AMG,Zuzwil
Silver,Audi,RS6,RS6 Avant quattro,Zuzwil
Silver,Mercedes-Benz,E 320,E 320 CDI Avantgarde,Zuzwil
Silver,Ferrari,F360,F360 Modena Berlinetta,Zuzwil
Silver,Mercedes-Benz,SL 500,SL 500,Zuzwil
Silver,Lamborghini,MURCIÉLAGO,Murciélago LP670-4 SV Cpé,Zuzwil
Silver,Porsche,PANAMERA,Panamera 4S 4.8,Zuzwil
Blue,Jaguar,XJ,XJ 4.0 Sovereign,Zuzwil
Silver,Mercedes-Benz,S 600,S 600 L,Zuzwil
Silver,BMW,X5,X5 4.4i,Zuzwil
Silver,Land Rover,RANGE ROVER SPORT,Range Rover Sport 4.2 V8 SC,Zuzwil
Silver,Porsche,CAYENNE,Cayenne Turbo S,Zuzwil
Silver,Porsche,CAYENNE,Cayenne Turbo,Zuzwil
Silver,BMW,M5,M5,Zuzwil
Silver,BMW,328,328i,Zuzwil
Silver,BMW,330,330xi,Zuzwil
Silver,BMW,X5,X5 4.4i,Zuzwil
Silver,Bmw-Alpina,7 SERIES,7 SERIES B7 Turbo Limousine,Zuzwil
Blue,Maserati,SPYDER GT,Spyder GT,Zuzwil
Silver,Porsche,CARRERA GT,Carrera GT,Zuzwil
Silver,Audi,RS6,RS6 Avant quattro,Zuzwil
Silver,Nissan,SUNNY,Sunny 2.0 16V GTI-R,Zuzwil
Silver,Bmw-Alpina,3 SERIES,B3 3.3 S,Zuzwil
Silver,Bentley,ARNAGE,Arnage T,Zuzwil
Silver,Ferrari,F355,F355 Berlinetta,Zuzwil
Silver,Mercedes-Benz,SLR,SLR McLaren,Zuzwil
Silver,Mercedes-Benz,E 50 AMG,E 50 AMG Avantgarde,Zuzwil
Silver,Porsche,911,911 Turbo,Zuzwil
Silver,Porsche,911,911 Turbo,Zuzwil
Blue,Mercedes-Benz,E 230,E 230 Elégance,Zuzwil
Silver,Porsche,911,911 Turbo Cabrio,Zuzwil
Silver,Audi,RS4,RS4 4.2 V8 quattro,Zuzwil
Silver,Ferrari,F355,F355 Berlinetta,Zuzwil
Silver,Mercedes-Benz,CLS 500,CLS 500,Zuzwil
Silver,Porsche,911,911 SC 3.0,Zuzwil
Silver,BMW,M6,M6,Zuzwil
Silver,Mercedes-Benz,SL 500,SL 500,Zuzwil
Silver,Bentley,TURBO,TURBO,Zuzwil
Silver,PGO,,Cevennes,Zuzwil
Silver,Mercedes-Benz,CL 500,CL 500,Zuzwil
Blue,BMW,M5,M5,Zuzwil
Silver,Lamborghini,AVENTADOR,Aventador LP700-4 Rds,Sursee
Silver,Mercedes-Benz,SL 55 AMG,SL 55 AMG,Zuzwil
Silver,Renault,R5,R5 Alpine Turbo,Zuzwil
Silver,Audi,A6,A6 2.4,Zuzwil
Silver,BMW,2002,2002 Turbo,Zuzwil
Silver,Mercedes-Benz,CLS 350,CLS 350 CGI,Zuzwil
Silver,Lamborghini,DIABLO,Diablo 5.7 VT,Zuzwil
Silver,Audi,RS6,RS6 Avant 5.0 V10 quattro,Zuzwil
Silver,Ferrari,612,612,Zuzwil
Silver,Porsche,CAYENNE,Cayenne Turbo,Zuzwil
